{"cameraMode":{"drawMode":0,"name":"Shaded","section":"Shading Mode"},"sceneLighting":true,"audioPlay":false,"sceneViewState":{"showFog":true,"showMaterialUpdate":false,"showSkybox":true,"showFlares":true,"showImageEffects":true,"showParticleSystems":true},"in2DMode":false,"pivot":{"x":924.515380859375,"y":1530.09912109375,"z":-203.45782470703126},"rotation":{"x":-0.06315170973539353,"y":0.06043834239244461,"z":-0.0038314401172101499,"w":-0.9961660504341126},"size":1092.1185302734375,"orthographic":true}